{
    "(0, 0)": [-48.55388281210919, -52.78264934998422, -54.93211541987936],
    "(0, 1)": [62.3542389112197, 58.72918719484915, 55.112392191144],
    "(0, 2)": [-45.9824738182305, -49.01234893812346, -52.4352378489124],
    "(1, 0)": [73.2312349123487, 69.9384712948574, 66.4739182948756],
    "(1, 1)": [-38.5421938451204, -41.7834192834571, -47.1249810298345],
    "(1, 2)": [80.9532938746512, 76.5823987491827, 73.2389458127384],
    "(2, 0)": [-33.9274912839472, -37.9482310984723, -41.8934720198472],
    "(2, 1)": [95.2374928374615, 91.7482398472193, 89.1834723981724],
    "(2, 2)": [-42.7834912389471, -45.9283472189472, -49.8123472948123]
}