{"(2, 0)": [-49.10732381107723, -52.586343898151874, -48.75335721640801], "(250, 12)": [70.16124839776728, 76.87884871315978, 43.078552079640076], "(2, 1)": [-49.43323609381925, -52.47768869368499, -54.57759664858301], "(2, 2)": [-53.14157909813949, -51.04313472651858, -61.00942315012455], "(1, 0)": [60.902286606563166, 88.06990834132993, 66.20190373425082], "(1, 1)": [85.46138545985367, 50.55388281210919, 46.07438410018481]}